index,x_temperature,y_res_time,z_ratio
0,20.0,2.0,0.0
1,20.0,2.0,0.5
2,20.0,2.0,1.0
3,20.0,31.0,0.0
4,20.0,31.0,0.5
5,20.0,31.0,1.0
6,20.0,60.0,0.0
7,20.0,60.0,0.5
8,20.0,60.0,1.0
9,50.0,2.0,0.0
10,50.0,2.0,0.5
11,50.0,2.0,1.0
12,50.0,31.0,0.0
13,50.0,31.0,0.5
14,50.0,31.0,1.0
15,50.0,60.0,0.0
16,50.0,60.0,0.5
17,50.0,60.0,1.0
18,80.0,2.0,0.0
19,80.0,2.0,0.5
20,80.0,2.0,1.0
21,80.0,31.0,0.0
22,80.0,31.0,0.5
23,80.0,31.0,1.0
24,80.0,60.0,0.0
25,80.0,60.0,0.5
26,80.0,60.0,1.0
